{
  "baseline_easy": [
    0.4738125,
    0.47147500000000003,
    0.47169999999999995,
    0.468375,
    0.4697125000000001
  ],
  "baseline_medium": [
    -0.90723,
    -0.9076733333333333,
    -0.8712733333333332,
    -0.8972216666666667,
    -0.90704
  ],
  "finetuned_easy": [
    0.6014,
    0.5437,
    0.6030125,
    0.6017750000000001,
    0.547075
  ],
  "finetuned_medium": [
    -0.5982333333333334,
    0.21415833333333337,
    0.04515666666666671,
    0.11645500000000004,
    0.20680499999999993
  ]
}